Межкомнатная дверь FN 01 (Дуб арктик),7 200
Межкомнатная дверь Севилья (Кедр снежный),5 434
Межкомнатная дверь LF 03 (Дуб арктик),4 860
Межкомнатная дверь IN38 (Серый),21 203
Межкомнатная дверь XC3 (Бетон лайт),9 512
Межкомнатная дверь Экзотика 6 (Бетон лайт),12 837
Межкомнатная дверь EVO1 (Бетон лайт),15 114
Межкомнатная дверь QP5 (Лен оникс),7 458
Межкомнатная дверь IN13 (Сенди),16 434
Межкомнатная дверь Стелла 2 (Дуб джуно),17 927
Межкомнатная дверь PRIME 9 (Стоунлайн дарк),13 778
Межкомнатная дверь QXV11 (Дуб серебристый),11 545
Межкомнатная дверь QXV8 (Дуб антик),11 030
Межкомнатная дверь RE58 (Дуб оксфорд),8 489
Межкомнатная дверь Q17 (Бетон лайт),5 660
Межкомнатная дверь Q37 (Дуб эссе),8 621
Межкомнатная дверь Q33 (Сенди),6 798
Межкомнатная дверь Геометрия 5 (Латте),10 948